<?xml version="1.0" encoding="utf-8"?>
<soap:Envelope xmlns:xsi="http://www.w3.org/2001/XMLSchema-instance" xmlns:xsd="http://www.w3.org/2001/XMLSchema" xmlns:soap="http://schemas.xmlsoap.org/soap/envelope/">
    <soap:Body>
        <OCRWebServiceAvailablePages xmlns="http://stockservice.contoso.com/wse/samples/2005/10">
            <user_name>${user_name}</user_name>
            <license_code>${license_code}</license_code>
        </OCRWebServiceAvailablePages>
    </soap:Body>
</soap:Envelope>
